Cement,Blast_Furnance_Slag,Fly_Ash,Water,Super_Plasticizer,Coarse_Aggregate,Fine_Aggregate,Age,Concrete_Strength
277.0,0.0,0.0,191.0,0.0,968.0,856.0,3,11.36
475.0,0.0,0.0,228.0,0.0,932.0,594.0,365,41.93
284.0,119.7,0.0,168.3,7.2,970.4,794.2,28,40.93
172.4,13.6,172.4,156.8,4.1,1006.3,856.4,28,33.69
314.0,0.0,113.0,170.0,10.0,925.0,783.0,28,38.46
251.4,0.0,118.3,188.5,5.8,1028.4,757.7,14,29.93
133.0,210.0,0.0,196.0,3.0,949.0,795.0,28,31.03
540.0,0.0,0.0,173.0,0.0,1125.0,613.0,14,59.76
246.8,0.0,125.1,143.3,12.0,1086.8,800.9,14,42.22
334.0,17.6,158.0,189.0,15.3,967.0,633.0,28,44.33
424.0,22.0,132.0,178.0,8.5,822.0,750.0,56,65.7
332.5,142.5,0.0,228.0,0.0,932.0,594.0,28,33.02
252.1,97.1,75.6,193.8,8.3,835.5,821.4,28,33.4
190.3,0.0,125.2,166.6,9.9,1079.0,798.9,100,33.56
312.7,0.0,0.0,178.1,8.0,999.7,822.2,28,25.1
315.0,137.0,0.0,145.0,5.9,1130.0,745.0,28,81.75
436.0,0.0,0.0,218.0,0.0,838.4,719.7,28,23.85
286.3,200.9,0.0,144.7,11.2,1004.6,803.7,91,76.8
181.4,0.0,167.0,169.6,7.6,1055.6,777.8,100,45.37
152.0,0.0,112.0,184.0,8.0,992.0,816.0,28,12.18
331.0,170.0,0.0,195.0,8.0,811.0,802.0,28,56.61
446.0,24.0,79.0,162.0,11.6,967.0,712.0,56,56.14
251.4,0.0,118.3,188.5,6.4,1028.4,757.7,3,13.12
210.7,316.1,0.0,185.7,0.0,977.0,689.3,28,37.81
325.6,166.4,0.0,174.0,8.9,881.6,790.0,28,61.24
376.0,0.0,0.0,214.6,0.0,1003.5,762.4,100,43.06
313.3,262.2,0.0,175.5,8.6,1046.9,611.8,3,28.8
375.0,93.8,0.0,126.6,23.4,852.1,992.6,7,45.7
167.4,129.9,128.6,175.5,7.8,1006.3,746.6,14,31.81
350.0,0.0,0.0,203.0,0.0,974.0,775.0,28,27.34
150.9,0.0,183.9,166.6,11.6,991.2,772.2,28,15.57
359.0,19.0,141.0,154.0,10.9,942.0,801.0,3,25.12
213.7,98.1,24.5,181.7,6.9,1065.8,785.4,56,50.77
349.0,0.0,0.0,192.0,0.0,1056.0,809.0,90,40.66
401.8,94.7,0.0,147.4,11.4,946.8,852.1,91,75.5
136.0,162.0,126.0,172.0,10.0,923.0,764.0,28,29.07
313.3,145.0,0.0,178.5,8.0,867.2,824.0,28,40.93
296.0,0.0,0.0,186.0,0.0,1090.0,769.0,28,25.18
250.0,0.0,95.7,191.8,5.3,948.9,857.2,14,24.66
190.0,190.0,0.0,228.0,0.0,932.0,670.0,180,46.93
380.0,95.0,0.0,228.0,0.0,932.0,594.0,28,36.45
250.0,180.0,95.0,159.0,9.5,860.0,800.0,28,67.87
339.0,0.0,0.0,197.0,0.0,968.0,781.0,7,20.97
238.1,0.0,94.1,186.7,7.0,949.9,847.0,100,44.3
173.8,93.4,159.9,172.3,9.7,1007.2,746.6,14,29.55
194.7,0.0,100.5,165.6,7.5,1006.4,905.9,3,12.45
251.4,0.0,118.3,188.5,5.8,1028.4,757.7,100,43.58
160.0,128.0,122.0,182.0,6.4,824.0,879.0,28,39.4
277.2,97.8,24.5,160.7,11.2,1061.7,782.5,28,63.14
310.0,0.0,0.0,192.0,0.0,1012.0,830.0,90,35.76
229.7,0.0,118.2,195.2,6.1,1028.1,757.6,56,31.35
318.8,212.5,0.0,155.7,14.3,852.1,880.4,7,33.4
427.5,47.5,0.0,228.0,0.0,932.0,594.0,90,41.54
190.3,0.0,125.2,161.9,9.9,1088.1,802.6,100,40.39
374.0,189.2,0.0,170.1,10.1,926.1,756.7,91,64.9
149.0,139.0,109.0,193.0,6.0,892.0,780.0,28,23.69
388.6,97.1,0.0,157.9,12.1,852.1,925.7,7,34.9
330.5,169.6,0.0,194.9,8.1,811.0,802.3,28,56.62
275.1,0.0,121.4,159.5,9.9,1053.6,777.5,3,23.8
229.7,0.0,118.2,195.2,6.1,1028.1,757.6,14,22.32
168.0,42.1,163.8,121.8,5.7,1058.7,780.1,14,17.82
349.0,0.0,0.0,192.0,0.0,1056.0,809.0,120,40.86
333.0,0.0,0.0,192.0,0.0,931.2,842.6,28,31.97
284.0,15.0,141.0,179.0,5.5,842.0,801.0,7,24.13
250.0,0.0,95.7,191.8,5.3,948.9,857.2,100,41.16
178.0,129.8,118.6,179.9,3.6,1007.3,746.8,56,48.59
333.0,0.0,0.0,192.0,0.0,931.2,842.6,7,23.4
249.1,0.0,98.8,158.1,12.8,987.8,889.0,3,15.36
237.5,237.5,0.0,228.0,0.0,932.0,594.0,7,26.26
153.0,102.0,0.0,192.0,0.0,888.0,943.1,28,17.96
143.8,136.3,106.2,178.1,7.5,941.5,774.3,28,26.15
213.5,0.0,174.2,154.6,11.7,1052.3,775.5,100,59.3
158.0,0.0,195.0,220.0,11.0,898.0,713.0,28,8.54
122.6,183.9,0.0,203.5,0.0,958.2,800.1,28,24.29
251.4,0.0,118.3,192.9,5.8,1043.6,754.3,100,40.15
246.8,0.0,125.1,143.3,12.0,1086.8,800.9,28,52.5
230.0,0.0,118.3,195.5,4.6,1029.4,758.6,100,35.34
475.0,118.8,0.0,181.1,8.9,852.1,781.5,56,72.3
153.0,145.0,0.0,178.0,8.0,1000.0,822.0,28,19.01
254.0,0.0,0.0,198.0,0.0,968.0,863.0,90,26.94
250.0,0.0,95.7,191.8,5.3,948.9,857.2,3,8.49
200.0,133.0,0.0,192.0,0.0,965.4,806.2,28,30.44
183.9,122.6,0.0,203.5,0.0,959.2,800.0,7,10.79
148.1,0.0,136.6,158.1,16.1,1001.8,830.1,28,17.96
366.0,187.0,0.0,191.3,6.6,824.3,756.9,28,65.91
284.0,120.0,0.0,168.0,7.0,970.0,794.0,28,40.93
281.0,0.0,0.0,185.0,0.0,1104.0,774.0,28,22.44
246.8,0.0,125.1,143.3,12.0,1086.8,800.9,3,23.52
439.0,177.0,0.0,186.0,11.1,884.9,707.9,3,39.3
318.0,0.0,126.0,210.0,6.0,861.0,737.0,28,40.06
379.5,151.2,0.0,153.9,15.9,1134.3,605.0,91,56.5
170.3,155.5,0.0,185.7,0.0,1026.6,724.3,28,25.73
480.0,0.0,0.0,192.0,0.0,936.2,712.2,3,24.4
480.0,0.0,0.0,192.0,0.0,936.2,712.2,90,54.32
333.0,0.0,0.0,192.0,0.0,931.2,842.6,90,41.68
302.0,0.0,0.0,203.0,0.0,974.0,817.0,180,26.74
190.3,0.0,125.2,166.6,9.9,1079.0,798.9,3,12.55
153.0,239.0,0.0,200.0,6.0,1002.0,684.0,28,26.86
203.5,305.3,0.0,203.5,0.0,963.4,630.0,7,19.54
143.7,170.2,132.6,191.6,8.5,814.1,805.3,28,29.87
500.0,0.0,0.0,200.0,0.0,1125.0,613.0,3,26.06
469.0,117.2,0.0,137.8,32.2,852.1,840.5,28,66.9
158.6,148.9,116.0,175.1,15.0,953.3,719.7,28,27.68
342.0,38.0,0.0,228.0,0.0,932.0,670.0,90,50.46
295.8,0.0,0.0,185.7,0.0,1091.4,769.3,7,14.84
297.2,0.0,117.5,174.8,9.5,1022.8,753.5,3,21.91
349.0,0.0,0.0,192.0,0.0,1047.0,806.0,28,32.72
228.0,342.1,0.0,185.7,0.0,955.8,674.3,7,21.92
528.0,0.0,0.0,185.0,6.9,920.0,720.0,28,56.83
222.4,0.0,96.7,189.3,4.5,967.1,870.3,56,29.45
236.0,0.0,0.0,193.0,0.0,968.0,885.0,7,9.99
305.3,203.5,0.0,203.5,0.0,965.4,631.0,90,54.6
540.0,0.0,0.0,162.0,2.5,1055.0,676.0,28,61.89
140.0,133.0,103.0,200.0,7.0,916.0,753.0,28,36.44
332.5,142.5,0.0,228.0,0.0,932.0,594.0,270,40.27
387.0,20.0,94.0,157.0,11.6,938.0,845.0,28,46.68
380.0,95.0,0.0,228.0,0.0,932.0,594.0,365,43.7
198.6,132.4,0.0,192.0,0.0,978.4,825.5,3,9.13
362.6,189.0,0.0,164.9,11.6,944.7,755.8,91,79.3
273.0,0.0,90.0,199.0,11.0,931.0,762.0,28,32.24
277.1,0.0,97.4,160.6,11.8,973.9,875.6,28,48.28
425.0,106.3,0.0,153.5,16.5,852.1,887.1,91,65.2
167.0,75.4,167.0,164.0,7.9,1007.3,770.1,28,41.41
531.3,0.0,0.0,141.8,28.2,852.1,893.7,28,56.4
238.1,0.0,94.1,186.7,7.0,949.9,847.0,56,39.59
190.0,190.0,0.0,228.0,0.0,932.0,670.0,90,42.33
424.0,22.0,132.0,168.0,8.9,822.0,750.0,56,74.36
359.0,19.0,141.0,154.0,10.9,942.0,801.0,3,23.64
214.9,53.8,121.9,155.6,9.6,1014.3,780.6,3,18.02
212.0,0.0,124.8,159.0,7.8,1085.4,799.5,56,45.08
382.0,0.0,0.0,185.0,0.0,1047.0,739.0,28,37.42
425.0,106.3,0.0,153.5,16.5,852.1,887.1,3,33.4
132.0,207.0,161.0,179.0,5.0,867.0,736.0,28,33.3
237.5,237.5,0.0,228.0,0.0,932.0,594.0,28,30.08
389.9,189.0,0.0,145.9,22.0,944.7,755.8,56,79.4
167.0,75.4,167.0,164.0,7.9,1007.3,770.1,14,32.9
254.0,0.0,0.0,198.0,0.0,968.0,863.0,3,9.31
212.1,0.0,121.6,180.3,5.7,1057.6,779.3,3,12.47
531.3,0.0,0.0,141.8,28.2,852.1,893.7,3,41.3
255.3,98.8,77.0,188.6,6.5,919.0,749.3,28,33.8
135.0,0.0,166.0,180.0,10.0,961.0,805.0,28,13.29
190.3,0.0,125.2,166.6,9.9,1079.0,798.9,56,31.72
251.4,0.0,118.3,188.5,5.8,1028.4,757.7,28,29.65
182.0,45.2,122.0,170.2,8.2,1059.4,780.7,100,48.67
173.8,93.4,159.9,172.3,9.7,1007.2,746.6,56,48.99
218.2,54.6,123.8,140.8,11.9,1075.7,792.7,3,27.42
379.5,151.2,0.0,153.9,15.9,1134.3,605.0,7,47.1
389.9,189.0,0.0,145.9,22.0,944.7,755.8,3,40.6
251.4,0.0,118.3,192.9,5.8,1043.6,754.3,14,20.73
182.0,45.2,122.0,170.2,8.2,1059.4,780.7,56,43.5
380.0,95.0,0.0,228.0,0.0,932.0,594.0,180,40.76
382.0,0.0,0.0,185.0,0.0,1047.0,739.0,7,24.0
300.0,0.0,0.0,184.0,0.0,1075.0,795.0,7,15.58
313.0,0.0,113.0,178.0,8.0,1002.0,689.0,28,36.8
213.7,98.1,24.5,181.7,6.9,1065.8,785.4,28,45.71
159.8,250.0,0.0,168.4,12.2,1049.3,688.2,28,39.46
152.0,178.0,139.0,168.0,18.0,944.0,695.0,28,36.35
153.6,144.2,112.3,220.1,10.1,923.2,657.9,28,16.5
389.9,189.0,0.0,145.9,22.0,944.7,755.8,91,82.6
525.0,0.0,0.0,189.0,0.0,1125.0,613.0,14,48.4
425.0,106.3,0.0,151.4,18.6,936.0,803.7,3,36.3
200.0,0.0,0.0,180.0,0.0,1125.0,845.0,7,7.84
475.0,118.8,0.0,181.1,8.9,852.1,781.5,28,68.3
165.0,128.5,132.1,175.1,8.1,1005.8,746.6,3,19.42
323.7,282.8,0.0,183.8,10.3,942.7,659.9,3,28.3
424.0,22.0,132.0,168.0,8.9,822.0,750.0,3,32.11
349.0,0.0,0.0,192.0,0.0,1047.0,806.0,90,39.49
251.4,0.0,118.3,188.5,6.4,1028.4,757.7,14,24.43
374.0,0.0,0.0,190.0,7.0,1013.0,730.0,28,39.05
144.0,15.0,195.0,176.0,6.0,1021.0,709.0,28,15.34
446.0,24.0,79.0,162.0,11.6,967.0,712.0,28,57.03
401.8,94.7,0.0,147.4,11.4,946.8,852.1,56,73.7
213.8,98.1,24.5,181.7,6.7,1066.0,785.5,14,17.84
155.0,183.0,0.0,193.0,9.0,1047.0,697.0,28,18.28
229.7,0.0,118.2,195.2,6.1,1028.1,757.6,100,40.86
153.0,102.0,0.0,192.0,0.0,888.0,943.1,3,4.78
237.5,237.5,0.0,228.0,0.0,932.0,594.0,365,39.0
145.0,0.0,179.0,202.0,8.0,824.0,869.0,28,10.54
322.0,0.0,0.0,203.0,0.0,974.0,800.0,28,25.18
298.1,0.0,107.5,163.6,12.8,953.2,784.0,28,35.87
355.9,0.0,141.6,193.3,11.0,801.4,778.4,28,40.87
385.0,0.0,0.0,186.0,0.0,966.0,763.0,1,6.27
277.1,0.0,97.4,160.6,11.8,973.9,875.6,14,41.89
362.6,189.0,0.0,164.9,11.6,944.7,755.8,3,35.3
108.3,162.4,0.0,203.5,0.0,938.2,849.0,7,7.72
296.0,0.0,107.0,221.0,11.0,819.0,778.0,28,31.42
321.3,164.2,0.0,190.5,4.6,870.0,774.0,28,57.22
339.0,0.0,0.0,185.0,0.0,1069.0,754.0,28,31.84
286.3,200.9,0.0,144.7,11.2,1004.6,803.7,3,24.4
374.0,189.2,0.0,170.1,10.1,926.1,756.7,3,34.4
339.0,0.0,0.0,197.0,0.0,968.0,781.0,3,13.22
500.0,0.0,0.0,200.0,0.0,1125.0,613.0,1,12.64
500.0,0.0,0.0,140.0,4.0,966.0,853.0,28,67.57
213.5,0.0,174.2,159.2,11.7,1043.6,771.9,100,52.96
387.0,20.0,94.0,157.0,14.3,938.0,845.0,3,22.75
162.0,214.0,164.0,202.0,10.0,820.0,680.0,28,30.65
321.0,0.0,128.0,182.0,11.0,870.0,780.0,28,37.26
349.0,0.0,0.0,192.0,0.0,1056.0,809.0,28,33.61
362.6,189.0,0.0,164.9,11.6,944.7,755.8,7,55.9
218.2,54.6,123.8,140.8,11.9,1075.7,792.7,56,61.99
190.3,0.0,125.2,161.9,9.9,1088.1,802.6,56,38.56
141.9,166.6,129.7,173.5,10.9,882.6,785.3,28,44.61
349.0,0.0,0.0,192.0,0.0,1047.0,806.0,360,42.13
349.0,0.0,0.0,192.0,0.0,1047.0,806.0,7,18.13
141.3,212.0,0.0,203.5,0.0,971.8,748.5,7,10.39
276.4,116.0,90.3,179.6,8.9,870.1,768.3,28,44.28
212.5,0.0,100.4,159.3,8.7,1007.8,903.6,100,42.92
425.0,106.3,0.0,151.4,18.6,936.0,803.7,56,64.9
230.0,0.0,118.3,195.5,4.6,1029.4,758.6,14,20.08
192.0,288.0,0.0,192.0,0.0,929.8,716.1,7,21.48
154.0,144.0,112.0,220.0,10.0,923.0,658.0,28,16.5
181.4,0.0,167.0,169.6,7.6,1055.6,777.8,14,21.6
136.4,161.6,125.8,171.6,10.4,922.6,764.4,28,29.07
475.0,118.8,0.0,181.1,8.9,852.1,781.5,3,37.8
380.0,95.0,0.0,228.0,0.0,932.0,594.0,90,40.56
150.7,0.0,185.3,166.7,15.6,1074.5,678.0,28,13.46
252.3,0.0,98.8,146.3,14.2,987.8,889.0,28,50.6
212.5,0.0,100.4,159.3,8.7,1007.8,903.6,56,42.55
531.3,0.0,0.0,141.8,28.2,852.1,893.7,56,58.8
425.0,106.3,0.0,153.5,16.5,852.1,887.1,28,60.29
231.8,0.0,121.6,174.0,6.7,1056.4,778.5,28,33.73
151.6,0.0,111.9,184.4,7.9,992.0,815.9,28,12.18
298.0,0.0,107.0,210.0,11.0,880.0,744.0,28,31.87
236.0,0.0,0.0,194.0,0.0,968.0,885.0,90,21.95
238.2,158.8,0.0,185.7,0.0,1040.6,734.3,28,26.91
251.4,0.0,118.3,188.5,5.8,1028.4,757.7,56,36.97
331.0,0.0,0.0,192.0,0.0,978.0,825.0,7,16.26
178.0,129.8,118.6,179.9,3.6,1007.3,746.8,100,49.99
339.0,0.0,0.0,197.0,0.0,968.0,781.0,90,35.17
233.8,0.0,94.6,197.9,4.6,947.0,852.2,3,10.38
116.0,173.0,0.0,192.0,0.0,909.8,891.9,7,10.09
339.0,0.0,0.0,197.0,0.0,968.0,781.0,365,38.89
424.0,22.0,132.0,178.0,8.5,822.0,750.0,28,62.05
297.2,0.0,117.5,174.8,9.5,1022.8,753.5,14,36.99
203.5,305.3,0.0,203.5,0.0,963.4,630.0,28,41.68
424.0,22.0,132.0,168.0,8.9,822.0,750.0,7,40.29
313.0,161.0,0.0,178.0,10.0,917.0,759.0,28,52.44
233.8,0.0,94.6,197.9,4.6,947.0,852.2,100,34.56
255.0,0.0,0.0,192.0,0.0,889.8,945.0,3,8.2
446.0,24.0,79.0,162.0,11.6,967.0,712.0,28,51.02
178.0,129.8,118.6,179.9,3.6,1007.3,746.8,28,39.16
525.0,0.0,0.0,189.0,0.0,1125.0,613.0,7,42.42
385.0,0.0,0.0,186.0,0.0,966.0,763.0,28,31.35
251.8,0.0,99.9,146.1,12.4,1006.0,899.8,28,33.94
375.0,93.8,0.0,126.6,23.4,852.1,992.6,3,29.0
387.0,20.0,94.0,157.0,11.6,938.0,845.0,7,41.67
397.0,0.0,0.0,185.7,0.0,1040.6,734.3,7,25.45
337.9,189.0,0.0,174.9,9.5,944.7,755.8,56,59.89
359.0,19.0,141.0,154.0,10.9,942.0,801.0,56,66.78
122.6,183.9,0.0,203.5,0.0,958.2,800.1,3,3.32
102.0,153.0,0.0,192.0,0.0,887.0,942.0,3,4.57
200.0,200.0,0.0,190.0,0.0,1145.0,660.0,28,49.25
236.9,91.7,71.5,246.9,6.0,852.9,695.4,28,28.63
480.0,0.0,0.0,192.0,0.0,936.0,721.0,28,43.89
425.0,106.3,0.0,151.4,18.6,936.0,803.7,91,66.7
218.9,0.0,124.1,158.5,11.3,1078.7,794.9,28,30.22
295.7,0.0,95.6,171.5,8.9,955.1,859.2,100,52.04
260.0,101.0,78.0,171.0,10.0,936.0,763.0,28,49.77
485.0,0.0,0.0,146.0,0.0,1120.0,800.0,28,71.99
186.2,124.1,0.0,185.7,0.0,1083.4,764.3,7,8.0
255.0,0.0,0.0,192.0,0.0,889.8,945.0,28,18.75
425.0,106.3,0.0,153.5,16.5,852.1,887.1,91,65.2
480.0,0.0,0.0,192.0,0.0,936.2,712.2,7,34.57
427.5,47.5,0.0,228.0,0.0,932.0,594.0,270,43.01
304.0,140.0,0.0,214.0,6.0,895.0,722.0,28,33.42
133.0,200.0,0.0,192.0,0.0,927.4,839.2,90,36.59
350.0,0.0,0.0,186.0,0.0,1050.0,770.0,28,34.29
272.8,105.1,81.8,209.7,9.0,904.0,679.7,28,37.17
300.0,0.0,0.0,184.0,0.0,1075.0,795.0,28,26.85
387.0,20.0,94.0,157.0,14.3,938.0,845.0,28,50.24
144.0,0.0,175.0,158.0,18.0,943.0,844.0,28,15.42
135.7,203.5,0.0,185.7,0.0,1076.2,759.3,7,7.51
469.0,117.2,0.0,137.8,32.2,852.1,840.5,56,69.3
296.0,0.0,0.0,192.0,0.0,1085.0,765.0,90,29.39
259.9,100.6,78.4,170.6,10.4,935.7,762.9,28,49.77
318.8,212.5,0.0,155.7,14.3,852.1,880.4,91,68.1
168.9,42.2,124.3,158.3,10.8,1080.8,796.2,28,31.12
296.0,0.0,0.0,186.0,0.0,1090.0,769.0,7,18.91
380.0,95.0,0.0,228.0,0.0,932.0,594.0,7,32.82
366.0,187.0,0.0,191.0,7.0,824.0,757.0,28,65.91
135.0,105.0,193.0,196.0,6.0,965.0,643.0,28,21.91
231.8,0.0,121.6,174.0,6.7,1056.4,778.5,56,42.7
374.0,189.2,0.0,170.1,10.1,926.1,756.7,28,61.09
159.0,187.0,0.0,176.0,11.0,990.0,789.0,28,32.76
213.5,0.0,174.2,154.6,11.7,1052.3,775.5,3,17.37
252.3,0.0,98.8,146.3,14.2,987.8,889.0,14,42.29
500.0,0.0,0.0,200.0,0.0,1125.0,613.0,90,47.22
236.0,0.0,0.0,194.0,0.0,968.0,885.0,28,18.42
362.6,189.0,0.0,164.9,11.6,944.7,755.8,3,35.3
236.0,157.0,0.0,192.0,0.0,972.6,749.1,7,20.42
491.0,26.0,123.0,210.0,3.9,882.0,699.0,56,59.59
323.7,282.8,0.0,183.8,10.3,942.7,659.9,7,49.8
323.7,282.8,0.0,183.8,10.3,942.7,659.9,56,80.2
275.0,0.0,0.0,183.0,0.0,1088.0,808.0,28,24.5
139.9,132.6,103.3,200.3,7.4,916.0,753.4,28,36.44
172.4,13.6,172.4,156.8,4.1,1006.3,856.4,3,21.29
213.5,0.0,174.2,154.6,11.7,1052.3,775.5,56,51.43
310.0,142.8,0.0,167.9,10.0,914.3,804.0,28,45.3
388.6,97.1,0.0,157.9,12.1,852.1,925.7,56,55.2
260.9,100.5,78.3,200.6,8.6,864.5,761.5,28,32.4
165.0,128.5,132.1,175.1,8.1,1005.8,746.6,100,55.02
285.0,190.0,0.0,163.0,7.6,1031.0,685.0,28,53.58
321.0,164.0,0.0,190.0,5.0,870.0,774.0,28,57.21
168.9,42.2,124.3,158.3,10.8,1080.8,796.2,14,23.51
387.0,20.0,94.0,157.0,13.9,938.0,845.0,28,46.68
266.0,114.0,0.0,228.0,0.0,932.0,670.0,28,45.85
184.0,86.0,190.0,213.0,6.0,923.0,623.0,28,22.93
310.0,0.0,0.0,192.0,0.0,970.0,850.0,90,34.68
393.0,0.0,0.0,192.0,0.0,940.0,758.0,90,48.79
500.0,0.0,0.0,151.0,9.0,1033.0,655.0,28,69.84
380.0,95.0,0.0,228.0,0.0,932.0,594.0,270,41.15
202.0,11.0,141.0,206.0,1.7,942.0,801.0,56,23.25
229.7,0.0,118.2,195.2,6.1,1028.1,757.6,28,24.54
284.0,15.0,141.0,179.0,5.5,842.0,801.0,28,43.73
236.0,157.0,0.0,192.0,0.0,972.6,749.1,28,32.88
218.2,54.6,123.8,140.8,11.9,1075.7,792.7,14,35.96
297.2,0.0,117.5,174.8,9.5,1022.8,753.5,28,47.4
288.0,192.0,0.0,192.0,0.0,932.0,717.8,7,23.52
275.1,0.0,121.4,159.5,9.9,1053.6,777.5,100,58.61
212.5,0.0,100.4,159.3,8.7,1007.8,903.6,14,26.31
393.0,0.0,0.0,192.0,0.0,940.6,785.6,28,39.6
388.6,97.1,0.0,157.9,12.1,852.1,925.7,28,50.7
307.0,0.0,0.0,193.0,0.0,968.0,812.0,3,12.54
397.0,0.0,0.0,185.0,0.0,1040.0,734.0,28,39.09
136.0,196.0,98.0,199.0,6.0,847.0,783.0,28,26.97
148.0,175.0,0.0,171.0,2.0,1000.0,828.0,28,26.92
252.0,0.0,0.0,185.0,0.0,1111.0,784.0,28,19.69
475.0,0.0,59.0,142.0,1.9,1098.0,641.0,28,57.23
148.1,0.0,182.1,181.4,15.0,838.9,884.3,28,15.53
158.4,0.0,194.9,219.7,11.0,897.7,712.9,28,8.54
425.0,106.3,0.0,153.5,16.5,852.1,887.1,28,60.29
255.5,170.3,0.0,185.7,0.0,1026.6,724.3,7,17.24
333.0,0.0,0.0,192.0,0.0,931.2,842.6,3,15.62
475.0,0.0,0.0,228.0,0.0,932.0,594.0,180,42.62
237.0,92.0,71.0,247.0,6.0,853.0,695.0,28,28.63
154.0,174.0,185.0,228.0,7.0,845.0,612.0,28,24.34
231.8,0.0,121.6,174.0,6.7,1056.4,778.5,3,15.44
139.6,209.4,0.0,192.0,0.0,1047.0,806.9,180,44.21
249.1,0.0,98.8,158.1,12.8,987.8,889.0,28,30.85
425.0,106.3,0.0,153.5,16.5,852.1,887.1,3,33.4
202.0,11.0,141.0,206.0,1.7,942.0,801.0,7,15.07
446.0,24.0,79.0,162.0,11.6,967.0,712.0,3,35.36
387.0,20.0,94.0,157.0,14.3,938.0,845.0,7,36.84
331.0,0.0,0.0,192.0,0.0,978.0,825.0,180,39.0
389.9,189.0,0.0,145.9,22.0,944.7,755.8,7,59.09
304.0,76.0,0.0,228.0,0.0,932.0,670.0,270,54.38
350.0,0.0,0.0,186.0,0.0,1050.0,770.0,7,20.28
213.7,0.0,174.7,154.8,10.2,1053.5,776.4,3,17.57
272.6,0.0,89.6,198.7,10.6,931.3,762.2,28,32.25
326.0,0.0,138.0,199.0,11.0,801.0,792.0,28,40.68
238.1,0.0,94.1,186.7,7.0,949.9,847.0,3,19.93
133.0,200.0,0.0,192.0,0.0,927.4,839.2,28,27.87
362.6,189.0,0.0,164.9,11.6,944.7,755.8,28,71.3
178.0,129.8,118.6,179.9,3.6,1007.3,746.8,14,34.24
520.0,0.0,0.0,175.0,5.2,870.0,805.0,28,51.02
147.8,175.1,0.0,171.2,2.2,1000.0,828.5,28,26.92
520.0,0.0,0.0,170.0,5.2,855.0,855.0,28,60.28
307.0,0.0,0.0,193.0,0.0,968.0,812.0,365,36.15
325.0,0.0,0.0,184.0,0.0,1063.0,783.0,7,17.54
339.2,0.0,0.0,185.7,0.0,1069.2,754.3,28,31.9
540.0,0.0,0.0,173.0,0.0,1125.0,613.0,28,67.31
307.0,0.0,0.0,193.0,0.0,968.0,812.0,180,34.49
162.0,207.0,172.0,216.0,10.0,822.0,638.0,28,39.84
153.1,145.0,113.0,178.5,8.0,867.2,824.0,28,26.23
362.6,189.0,0.0,164.9,11.6,944.7,755.8,3,35.3
475.0,118.8,0.0,181.1,8.9,852.1,781.5,7,55.6
214.9,53.8,121.9,155.6,9.6,1014.3,780.6,14,38.6
362.6,189.0,0.0,164.9,11.6,944.7,755.8,28,71.3
295.7,0.0,95.6,171.5,8.9,955.1,859.2,28,39.94
213.8,98.1,24.5,181.7,6.7,1066.0,785.5,28,40.23
382.0,0.0,0.0,186.0,0.0,1047.0,739.0,28,37.42
173.5,50.1,173.5,164.8,6.5,1006.2,793.5,56,53.77
304.0,76.0,0.0,228.0,0.0,932.0,670.0,365,55.26
173.8,93.4,159.9,172.3,9.7,1007.2,746.6,100,50.94
250.0,0.0,95.7,187.4,5.5,956.9,861.2,14,24.92
277.0,0.0,0.0,191.0,0.0,968.0,856.0,90,31.25
500.0,0.0,0.0,200.0,0.0,1125.0,613.0,14,36.94
192.0,288.0,0.0,192.0,0.0,929.8,716.1,90,50.73
362.6,189.0,0.0,164.9,11.6,944.7,755.8,91,79.3
145.9,230.5,0.0,202.5,3.4,827.0,871.8,28,32.72
166.8,250.2,0.0,203.5,0.0,975.6,692.6,7,15.75
400.0,0.0,0.0,187.0,0.0,1025.0,745.0,28,43.7
439.0,177.0,0.0,186.0,11.1,884.9,707.9,56,71.7
190.0,190.0,0.0,228.0,0.0,932.0,670.0,365,53.69
339.0,0.0,0.0,197.0,0.0,968.0,781.0,180,36.45
387.0,20.0,94.0,157.0,11.6,938.0,845.0,3,34.77
212.1,0.0,121.6,180.3,5.7,1057.6,779.3,100,39.61
295.0,0.0,0.0,185.0,0.0,1069.0,769.0,7,14.8
168.9,42.2,124.3,158.3,10.8,1080.8,796.2,3,7.4
155.0,0.0,143.0,193.0,9.0,1047.0,697.0,28,12.46
359.0,19.0,141.0,154.0,10.9,942.0,801.0,7,38.61
313.0,145.0,0.0,178.0,8.0,1002.0,689.0,28,41.05
181.4,0.0,167.0,169.6,7.6,1055.6,777.8,28,27.77
446.0,24.0,79.0,162.0,11.6,967.0,712.0,7,52.01
146.5,114.6,89.3,201.9,8.8,860.0,829.5,28,19.99
387.0,20.0,94.0,157.0,13.9,938.0,845.0,7,45.9
165.0,128.5,132.1,175.1,8.1,1005.8,746.6,14,33.09
389.9,189.0,0.0,145.9,22.0,944.7,755.8,28,74.5
362.6,189.0,0.0,164.9,11.6,944.7,755.8,7,55.9
305.3,203.5,0.0,203.5,0.0,965.4,631.0,7,25.89
190.3,0.0,125.2,161.9,9.9,1088.1,802.6,3,9.45
172.4,13.6,172.4,156.8,4.1,1006.3,856.4,100,37.68
139.6,209.4,0.0,192.0,0.0,1047.0,806.9,3,8.06
230.0,0.0,118.3,195.5,4.6,1029.4,758.6,3,10.03
469.0,117.2,0.0,137.8,32.2,852.1,840.5,3,40.2
167.0,187.0,195.0,185.0,7.0,898.0,636.0,28,23.89
264.5,111.0,86.5,195.5,5.9,832.6,790.4,28,41.54
190.3,0.0,125.2,166.6,9.9,1079.0,798.9,28,24.85
160.0,188.0,146.0,203.0,11.0,829.0,710.0,28,32.84
165.0,0.0,143.6,163.8,0.0,1005.6,900.9,3,14.4
289.0,0.0,0.0,192.0,0.0,913.2,895.3,28,25.57
250.0,0.0,0.0,182.0,0.0,1100.0,820.0,7,12.73
132.0,206.5,160.9,178.9,5.5,866.9,735.6,28,33.31
213.7,0.0,174.7,154.8,10.2,1053.5,776.4,56,46.64
337.9,189.0,0.0,174.9,9.5,944.7,755.8,3,24.1
359.0,19.0,141.0,154.0,10.9,942.0,801.0,56,68.75
250.2,166.8,0.0,203.5,0.0,977.6,694.1,90,47.71
375.0,93.8,0.0,126.6,23.4,852.1,992.6,28,56.7
277.2,97.8,24.5,160.7,11.2,1061.7,782.5,3,30.45
425.0,106.3,0.0,153.5,16.5,852.1,887.1,28,60.29
173.0,116.0,0.0,192.0,0.0,946.8,856.8,28,24.28
213.7,0.0,174.7,154.8,10.2,1053.5,776.4,100,50.08
289.0,134.0,0.0,195.0,6.0,924.0,760.0,28,46.24
145.4,0.0,178.9,201.7,7.8,824.0,868.7,28,10.54
140.0,164.0,128.0,237.0,6.0,869.0,656.0,28,35.23
322.5,148.6,0.0,185.8,8.5,951.0,709.5,28,52.43
286.3,200.9,0.0,144.7,11.2,1004.6,803.7,56,72.99
446.0,24.0,79.0,162.0,11.6,967.0,712.0,56,55.25
198.6,132.4,0.0,192.0,0.0,978.4,825.5,360,44.3
190.7,0.0,125.4,162.1,7.8,1090.0,804.0,100,40.57
167.0,75.4,167.0,164.0,7.9,1007.3,770.1,3,15.52
500.0,0.0,0.0,200.0,0.0,1125.0,613.0,270,55.16
212.6,0.0,100.4,159.4,10.4,1003.8,903.8,14,25.37
342.0,38.0,0.0,228.0,0.0,932.0,670.0,365,56.14
146.0,230.0,0.0,202.0,3.0,827.0,872.0,28,33.06
326.5,0.0,137.9,199.0,10.8,801.1,792.5,28,38.63
198.6,132.4,0.0,192.0,0.0,978.4,825.5,7,14.64
505.0,0.0,60.0,195.0,0.0,1030.0,630.0,28,64.02
425.0,106.3,0.0,153.5,16.5,852.1,887.1,7,49.2
425.0,106.3,0.0,153.5,16.5,852.1,887.1,7,49.2
475.0,0.0,0.0,228.0,0.0,932.0,594.0,28,39.29
190.7,0.0,125.4,162.1,7.8,1090.0,804.0,28,26.4
238.1,0.0,94.1,186.7,7.0,949.9,847.0,14,25.69
152.7,144.7,0.0,178.1,8.0,999.7,822.2,28,19.01
202.0,11.0,141.0,206.0,1.7,942.0,801.0,3,9.85
350.0,0.0,0.0,203.0,0.0,974.0,775.0,56,29.98
310.0,0.0,0.0,192.0,0.0,1012.0,830.0,120,38.7
213.5,0.0,174.2,159.2,11.7,1043.6,771.9,28,44.64
362.6,189.0,0.0,164.9,11.6,944.7,755.8,56,77.3
295.7,0.0,95.6,171.5,8.9,955.1,859.2,3,22.95
425.0,106.3,0.0,153.5,16.5,852.1,887.1,56,64.3
213.5,0.0,174.2,154.6,11.7,1052.3,775.5,28,45.94
212.6,0.0,100.4,159.4,10.4,1003.8,903.8,56,44.4
516.0,0.0,0.0,162.0,8.3,801.0,802.0,28,41.37
225.0,0.0,0.0,181.0,0.0,1113.0,833.0,7,11.17
200.0,133.0,0.0,192.0,0.0,965.4,806.2,3,11.41
309.9,142.8,111.2,167.8,22.1,913.9,651.2,28,38.22
230.0,0.0,118.3,195.5,4.6,1029.4,758.6,56,31.54
165.0,128.5,132.1,175.1,8.1,1005.8,746.6,56,53.72
281.0,0.0,0.0,186.0,0.0,1104.0,774.0,28,22.44
359.0,19.0,141.0,154.0,10.9,942.0,801.0,7,35.75
139.6,209.4,0.0,192.0,0.0,1047.0,806.9,90,39.36
166.8,250.2,0.0,203.5,0.0,975.6,692.6,90,43.57
469.0,117.2,0.0,137.8,32.2,852.1,840.5,7,54.9
173.5,50.1,173.5,164.8,6.5,1006.2,793.5,28,38.2
336.5,0.0,0.0,181.9,3.4,985.8,816.8,28,44.87
303.6,139.9,0.0,213.5,6.2,895.5,722.5,28,33.42
231.8,0.0,121.6,174.0,6.7,1056.4,778.5,14,26.77
251.4,0.0,118.3,188.5,5.8,1028.4,757.7,3,17.22
102.0,153.0,0.0,192.0,0.0,887.0,942.0,28,17.28
375.0,93.8,0.0,126.6,23.4,852.1,992.6,56,60.2
374.0,189.2,0.0,170.1,10.1,926.1,756.7,56,63.4
252.3,0.0,98.8,146.3,14.2,987.8,889.0,100,60.95
186.2,124.1,0.0,185.7,0.0,1083.4,764.3,28,17.6
190.3,0.0,125.2,166.6,9.9,1079.0,798.9,14,19.42
491.0,26.0,123.0,201.0,3.9,822.0,699.0,7,37.92
355.0,19.0,97.0,145.0,13.1,967.0,871.0,28,44.03
314.0,145.0,113.0,179.0,8.0,869.0,690.0,28,46.23
192.0,288.0,0.0,192.0,0.0,929.8,716.1,28,39.32
316.1,210.7,0.0,185.7,0.0,977.0,689.3,7,24.44
156.0,178.0,187.0,221.0,7.0,854.0,614.0,28,29.41
475.0,118.8,0.0,181.1,8.9,852.1,781.5,91,74.19
238.0,0.0,0.0,186.0,0.0,1119.0,789.0,28,17.54
102.0,153.0,0.0,192.0,0.0,887.0,942.0,7,7.68
166.8,250.2,0.0,203.5,0.0,975.6,692.6,28,33.95
164.6,0.0,150.4,181.6,11.7,1023.3,728.9,28,18.03
310.0,143.0,111.0,168.0,22.0,914.0,651.0,28,33.69
425.0,106.3,0.0,153.5,16.5,852.1,887.1,56,64.3
272.8,181.9,0.0,185.7,0.0,1012.4,714.3,28,31.38
213.8,98.1,24.5,181.7,6.7,1066.0,785.5,100,49.97
331.0,0.0,0.0,192.0,0.0,879.0,825.0,3,13.52
214.9,53.8,121.9,155.6,9.6,1014.3,780.6,28,52.2
385.0,0.0,0.0,186.0,0.0,966.0,763.0,3,14.7
376.0,0.0,0.0,214.6,0.0,1003.5,762.4,28,31.97
145.0,0.0,134.0,181.0,11.0,979.0,812.0,28,13.2
298.0,137.0,107.0,201.0,6.0,878.0,655.0,28,53.52
475.0,0.0,0.0,162.0,9.5,1044.0,662.0,28,58.52
236.0,157.0,0.0,192.0,0.0,972.6,749.1,90,47.78
393.0,0.0,0.0,192.0,0.0,940.6,785.6,7,27.74
349.0,0.0,0.0,192.0,0.0,1047.0,806.9,3,15.05
277.2,97.8,24.5,160.7,11.2,1061.7,782.5,14,47.71
181.9,272.8,0.0,185.7,0.0,1012.4,714.3,28,27.94
491.0,26.0,123.0,201.0,3.9,822.0,699.0,28,57.92
295.0,0.0,0.0,185.0,0.0,1069.0,769.0,28,25.18
272.8,181.9,0.0,185.7,0.0,1012.4,714.3,7,19.77
192.0,288.0,0.0,192.0,0.0,929.8,716.1,3,12.79
362.6,189.0,0.0,164.9,11.6,944.7,755.8,91,79.3
491.0,26.0,123.0,210.0,3.9,882.0,699.0,28,55.55
155.2,183.9,143.2,193.8,9.2,879.6,698.5,28,28.99
375.0,93.8,0.0,126.6,23.4,852.1,992.6,91,62.5
250.0,0.0,95.7,187.4,5.5,956.9,861.2,100,42.35
168.0,42.1,163.8,121.8,5.7,1058.7,780.1,28,24.24
250.0,0.0,95.7,191.8,5.3,948.9,857.2,56,39.64
194.7,0.0,100.5,165.6,7.5,1006.4,905.9,14,24.99
356.0,119.0,0.0,160.0,9.0,1061.0,657.0,28,59.0
212.0,0.0,124.8,159.0,7.8,1085.4,799.5,14,31.35
160.0,250.0,0.0,168.0,12.0,1049.0,688.0,28,39.45
251.4,0.0,118.3,188.5,6.4,1028.4,757.7,56,36.64
277.0,0.0,0.0,191.0,0.0,968.0,856.0,360,33.7
141.3,212.0,0.0,203.5,0.0,971.8,748.5,90,39.66
190.0,190.0,0.0,228.0,0.0,932.0,670.0,28,40.86
307.0,0.0,0.0,193.0,0.0,968.0,812.0,90,32.92
385.0,0.0,0.0,186.0,0.0,966.0,763.0,7,23.22
376.0,0.0,0.0,214.6,0.0,1003.5,762.4,3,16.28
154.8,0.0,142.8,193.3,9.1,1047.4,696.7,28,12.46
165.0,0.0,143.6,163.8,0.0,1005.6,900.9,14,16.88
220.8,147.2,0.0,185.7,0.0,1055.0,744.3,28,25.75
362.6,189.0,0.0,164.9,11.6,944.7,755.8,56,77.3
331.0,0.0,0.0,192.0,0.0,978.0,825.0,28,31.45
155.0,184.0,143.0,194.0,9.0,880.0,699.0,28,28.99
332.5,142.5,0.0,228.0,0.0,932.0,594.0,7,30.28
203.5,305.3,0.0,203.5,0.0,963.4,630.0,3,9.56
491.0,26.0,123.0,210.0,3.9,882.0,699.0,7,33.49
337.9,189.0,0.0,174.9,9.5,944.7,755.8,28,49.9
149.0,153.0,194.0,192.0,8.0,935.0,623.0,28,24.58
218.2,54.6,123.8,140.8,11.9,1075.7,792.7,100,63.53
266.0,114.0,0.0,228.0,0.0,932.0,670.0,365,52.91
362.6,189.0,0.0,164.9,11.6,944.7,755.8,7,22.9
323.7,282.8,0.0,183.8,10.3,942.7,659.9,28,74.7
133.1,210.2,0.0,195.7,3.1,949.4,795.3,28,28.94
236.0,157.0,0.0,192.0,0.0,972.6,749.1,3,13.57
183.9,122.6,0.0,203.5,0.0,959.2,800.0,90,32.53
252.3,0.0,98.8,146.3,14.2,987.8,889.0,3,21.78
540.0,0.0,0.0,173.0,0.0,1125.0,613.0,7,52.61
380.0,0.0,0.0,228.0,0.0,932.0,670.0,365,52.52
288.0,192.0,0.0,192.0,0.0,932.0,717.8,28,38.8
165.0,0.0,150.0,182.0,12.0,1023.0,729.0,28,18.03
165.0,0.0,143.6,163.8,0.0,1005.6,900.9,100,37.96
276.0,116.0,90.0,180.0,9.0,870.0,768.0,28,44.28
167.4,129.9,128.6,175.5,7.8,1006.3,746.6,56,51.72
222.4,0.0,96.7,189.3,4.5,967.1,870.3,3,11.58
250.0,0.0,0.0,182.0,0.0,1100.0,820.0,28,20.87
194.7,0.0,100.5,165.6,7.5,1006.4,905.9,28,25.72
139.6,209.4,0.0,192.0,0.0,1047.0,806.9,7,14.59
427.5,47.5,0.0,228.0,0.0,932.0,594.0,365,43.7
297.2,0.0,117.5,174.8,9.5,1022.8,753.5,56,51.96
150.0,237.0,0.0,174.0,12.0,1069.0,675.0,28,37.43
203.5,135.7,0.0,185.7,0.0,1076.2,759.3,7,11.96
302.0,0.0,0.0,203.0,0.0,974.0,817.0,14,18.13
322.0,0.0,0.0,203.0,0.0,974.0,800.0,14,20.77
540.0,0.0,0.0,173.0,0.0,1125.0,613.0,90,69.66
148.5,139.4,108.6,192.7,6.1,892.4,780.0,28,23.7
170.3,155.5,0.0,185.7,0.0,1026.6,724.3,7,10.73
181.4,0.0,167.0,169.6,7.6,1055.6,777.8,56,35.57
153.0,145.0,113.0,178.0,8.0,867.0,824.0,28,26.23
388.6,97.1,0.0,157.9,12.1,852.1,925.7,91,57.6
213.8,98.1,24.5,181.7,6.7,1066.0,785.5,3,13.18
475.0,0.0,0.0,228.0,0.0,932.0,594.0,90,42.23
157.0,236.0,0.0,192.0,0.0,935.4,781.2,7,16.89
228.0,342.1,0.0,185.7,0.0,955.8,674.3,28,39.7
295.8,0.0,0.0,185.7,0.0,1091.4,769.3,28,25.22
500.0,0.0,0.0,200.0,0.0,1125.0,613.0,28,44.09
159.0,209.0,161.0,201.0,7.0,848.0,669.0,28,30.88
225.0,0.0,0.0,181.0,0.0,1113.0,833.0,28,17.34
446.0,24.0,79.0,162.0,11.6,967.0,712.0,7,39.3
166.1,0.0,163.3,176.5,4.5,1058.6,780.1,14,25.48
142.0,167.0,130.0,174.0,11.0,883.0,785.0,28,44.61
266.0,114.0,0.0,228.0,0.0,932.0,670.0,180,48.7
439.0,177.0,0.0,186.0,11.1,884.9,707.9,91,73.3
168.9,42.2,124.3,158.3,10.8,1080.8,796.2,56,39.15
183.9,122.6,0.0,203.5,0.0,959.2,800.0,3,4.9
156.0,243.0,0.0,180.0,11.0,1022.0,698.0,28,37.36
173.0,116.0,0.0,192.0,0.0,946.8,856.8,3,6.94
310.0,0.0,0.0,192.0,0.0,1012.0,830.0,3,11.85
296.0,0.0,0.0,192.0,0.0,1085.0,765.0,7,14.2
252.0,0.0,0.0,185.0,0.0,1111.0,784.0,7,13.71
172.4,13.6,172.4,156.8,4.1,1006.3,856.4,56,35.85
336.0,0.0,0.0,182.0,3.0,986.0,817.0,28,44.86
178.0,129.8,118.6,179.9,3.6,1007.3,746.8,3,20.73
304.0,76.0,0.0,228.0,0.0,932.0,670.0,90,49.19
155.0,0.0,143.0,193.0,9.0,877.0,868.0,28,9.74
290.4,0.0,96.2,168.1,9.4,961.2,865.0,56,45.08
525.0,0.0,0.0,189.0,0.0,1125.0,613.0,3,33.8
313.3,262.2,0.0,175.5,8.6,1046.9,611.8,28,59.8
349.0,0.0,0.0,192.0,0.0,1047.0,806.0,3,14.99
233.8,0.0,94.6,197.9,4.6,947.0,852.2,14,22.14
212.0,0.0,124.8,159.0,7.8,1085.4,799.5,28,38.5
339.0,0.0,0.0,185.0,0.0,1069.0,754.0,7,21.16
200.0,0.0,0.0,180.0,0.0,1125.0,845.0,28,12.25
333.0,17.5,163.0,167.0,17.9,996.0,652.0,28,47.28
298.2,0.0,107.0,209.7,11.1,879.6,744.2,28,31.88
277.1,0.0,97.4,160.6,11.8,973.9,875.6,56,51.04
379.5,151.2,0.0,153.9,15.9,1134.3,605.0,3,28.6
296.0,0.0,106.7,221.4,10.5,819.2,778.4,28,31.42
183.9,122.6,0.0,203.5,0.0,959.2,800.0,28,24.05
350.0,0.0,0.0,203.0,0.0,974.0,775.0,180,32.72
157.0,236.0,0.0,192.0,0.0,935.4,781.2,3,9.69
275.1,0.0,121.4,159.5,9.9,1053.6,777.5,56,56.85
290.4,0.0,96.2,168.1,9.4,961.2,865.0,100,48.97
322.0,0.0,0.0,203.0,0.0,974.0,800.0,180,29.59
393.0,0.0,0.0,192.0,0.0,940.6,785.6,90,48.85
250.0,0.0,95.7,191.8,5.3,948.9,857.2,28,27.22
213.7,0.0,174.7,154.8,10.2,1053.5,776.4,14,33.73
500.0,0.0,0.0,200.0,0.0,1125.0,613.0,7,33.21
287.3,120.5,93.9,187.6,9.2,904.4,695.9,28,43.8
337.9,189.0,0.0,174.9,9.5,944.7,755.8,91,67.8
375.0,0.0,0.0,186.0,0.0,1038.0,758.0,7,26.06
289.0,0.0,0.0,192.0,0.0,913.2,895.3,7,14.6
218.9,0.0,124.1,158.5,11.3,1078.7,794.9,56,37.27
300.0,0.0,120.0,212.0,10.0,878.0,728.0,28,23.84
249.1,0.0,98.8,158.1,12.8,987.8,889.0,56,42.03
298.0,0.0,107.0,186.0,6.0,879.0,815.0,28,42.64
446.0,24.0,79.0,162.0,11.6,967.0,712.0,3,25.02
237.5,237.5,0.0,228.0,0.0,932.0,594.0,180,36.25
525.0,0.0,0.0,189.0,0.0,1125.0,613.0,270,67.11
218.9,0.0,124.1,158.5,11.3,1078.7,794.9,14,26.05
424.0,22.0,132.0,178.0,8.5,882.0,750.0,3,32.01
198.6,132.4,0.0,192.0,0.0,978.4,825.5,28,28.02
401.8,94.7,0.0,147.4,11.4,946.8,852.1,3,41.1
238.1,0.0,0.0,185.7,0.0,1118.8,789.3,7,10.34
182.0,45.2,122.0,170.2,8.2,1059.4,780.7,14,21.5
143.0,169.4,142.7,190.7,8.4,967.4,643.5,28,29.73
446.0,24.0,79.0,162.0,11.6,967.0,712.0,56,61.07
491.0,26.0,123.0,201.0,3.9,822.0,699.0,56,61.86
302.0,0.0,0.0,203.0,0.0,974.0,817.0,28,21.75
149.5,236.0,0.0,175.8,12.6,846.8,892.7,28,32.96
181.9,272.8,0.0,185.7,0.0,1012.4,714.3,7,12.37
181.4,0.0,167.0,169.6,7.6,1055.6,777.8,3,13.62
376.0,0.0,0.0,214.6,0.0,1003.5,762.4,56,36.3
255.0,99.0,77.0,189.0,6.0,919.0,749.0,28,33.8
540.0,0.0,0.0,173.0,0.0,1125.0,613.0,270,74.17
166.1,0.0,163.3,176.5,4.5,1058.6,780.1,28,21.54
246.8,0.0,125.1,143.3,12.0,1086.8,800.9,100,66.42
349.0,0.0,0.0,192.0,0.0,1056.0,809.0,7,9.01
141.3,212.0,0.0,203.5,0.0,971.8,748.5,28,29.89
194.7,0.0,100.5,165.6,7.5,1006.4,905.9,56,33.96
153.0,102.0,0.0,192.0,0.0,888.0,943.1,90,26.32
146.0,173.0,0.0,182.0,3.0,986.0,817.0,28,23.74
251.8,0.0,99.9,146.1,12.4,1006.0,899.8,100,45.37
446.0,24.0,79.0,162.0,10.3,967.0,712.0,28,53.39
234.0,156.0,0.0,189.0,5.9,981.0,760.0,28,39.3
525.0,0.0,0.0,189.0,0.0,1125.0,613.0,90,58.78
151.8,178.1,138.7,167.5,18.3,944.0,694.6,28,36.35
322.2,0.0,115.6,196.0,10.4,817.9,813.4,28,31.18
194.7,0.0,100.5,170.2,7.5,998.0,901.8,28,37.27
213.5,0.0,174.2,159.2,11.7,1043.6,771.9,14,29.59
251.8,0.0,99.9,146.1,12.4,1006.0,899.8,56,44.14
236.0,0.0,0.0,194.0,0.0,968.0,885.0,14,12.84
313.0,145.0,0.0,127.0,8.0,1000.0,822.0,28,44.52
289.0,0.0,0.0,192.0,0.0,913.2,895.3,3,11.65
213.5,0.0,174.2,159.2,11.7,1043.6,771.9,56,51.26
166.8,250.2,0.0,203.5,0.0,975.6,692.6,3,6.9
312.7,144.7,0.0,127.3,8.0,999.7,822.2,28,44.52
480.0,0.0,0.0,192.0,0.0,936.0,721.0,90,54.28
190.0,190.0,0.0,228.0,0.0,932.0,670.0,270,50.66
317.9,0.0,126.5,209.7,5.7,860.5,736.6,28,40.06
401.8,94.7,0.0,147.4,11.4,946.8,852.1,7,54.1
200.0,133.0,0.0,192.0,0.0,965.4,806.2,7,17.17
304.8,0.0,99.6,196.0,9.8,959.4,705.2,28,30.12
321.4,0.0,127.9,182.5,11.5,870.1,779.7,28,37.27
198.6,132.4,0.0,192.0,0.0,978.4,825.5,90,38.07
380.0,0.0,0.0,228.0,0.0,932.0,670.0,90,52.91
339.0,0.0,0.0,197.0,0.0,968.0,781.0,28,32.04
310.0,0.0,0.0,192.0,0.0,970.0,850.0,7,14.99
540.0,0.0,0.0,173.0,0.0,1125.0,613.0,3,41.64
424.0,22.0,132.0,178.0,8.5,822.0,750.0,7,39.0
290.2,193.5,0.0,185.7,0.0,998.2,704.3,28,33.04
194.7,0.0,100.5,170.2,7.5,998.0,901.8,3,12.18
425.0,106.3,0.0,153.5,16.5,852.1,887.1,3,33.4
295.7,0.0,95.6,171.5,8.9,955.1,859.2,14,35.23
310.0,0.0,0.0,192.0,0.0,970.0,850.0,360,38.11
251.4,0.0,118.3,192.9,5.8,1043.6,754.3,56,39.27
236.0,0.0,0.0,193.0,0.0,968.0,885.0,365,25.08
222.4,0.0,96.7,189.3,4.5,967.1,870.3,100,40.71
252.0,0.0,0.0,186.0,0.0,1111.0,784.0,7,11.47
310.0,0.0,0.0,192.0,0.0,1012.0,830.0,28,27.83
157.0,236.0,0.0,192.0,0.0,935.4,781.2,28,33.66
167.4,129.9,128.6,175.5,7.8,1006.3,746.6,28,41.2
158.8,238.2,0.0,185.7,0.0,1040.6,734.3,28,21.07
362.6,189.0,0.0,164.9,11.6,944.7,755.8,3,35.3
230.0,0.0,118.3,195.5,4.6,1029.4,758.6,28,24.48
158.8,238.2,0.0,185.7,0.0,1040.6,734.3,7,9.62
252.5,0.0,0.0,185.7,0.0,1111.6,784.3,28,19.77
362.6,189.0,0.0,164.9,11.6,944.7,755.8,56,77.3
298.0,0.0,107.0,164.0,13.0,953.0,784.0,28,35.86
255.5,170.3,0.0,185.7,0.0,1026.6,724.3,28,32.05
382.0,0.0,0.0,186.0,0.0,1111.0,784.0,7,11.47
122.6,183.9,0.0,203.5,0.0,958.2,800.1,90,33.19
296.0,0.0,0.0,192.0,0.0,1085.0,765.0,28,21.65
218.2,54.6,123.8,140.8,11.9,1075.7,792.7,28,55.51
313.3,145.0,0.0,178.5,8.0,1001.9,688.7,28,41.05
331.0,0.0,0.0,192.0,0.0,978.0,825.0,360,41.24
213.5,0.0,174.2,154.6,11.7,1052.3,775.5,14,33.7
475.0,0.0,0.0,228.0,0.0,932.0,594.0,270,42.13
480.0,0.0,0.0,192.0,0.0,936.0,721.0,3,24.39
516.0,0.0,0.0,162.0,8.2,801.0,802.0,28,41.37
168.0,42.1,163.8,121.8,5.7,1058.7,780.1,56,32.85
342.0,38.0,0.0,228.0,0.0,932.0,670.0,270,55.06
286.3,200.9,0.0,144.7,11.2,1004.6,803.7,7,38.0
212.5,0.0,100.4,159.3,8.7,1007.8,903.6,3,13.54
525.0,0.0,0.0,189.0,0.0,1125.0,613.0,28,55.94
251.8,0.0,99.9,146.1,12.4,1006.0,899.8,3,21.02
318.8,212.5,0.0,155.7,14.3,852.1,880.4,28,55.5
212.1,0.0,121.6,180.3,5.7,1057.6,779.3,28,24.9
193.5,290.2,0.0,185.7,0.0,998.2,704.3,28,32.63
313.3,262.2,0.0,175.5,8.6,1046.9,611.8,56,64.9
255.0,0.0,0.0,192.0,0.0,889.8,945.0,90,21.86
148.0,0.0,182.0,181.0,15.0,839.0,884.0,28,15.52
213.7,98.1,24.5,181.7,6.9,1065.8,785.4,14,30.39
339.0,0.0,0.0,197.0,0.0,968.0,781.0,14,27.04
277.0,116.8,91.0,190.6,7.0,946.5,665.6,28,43.58
160.2,188.0,146.4,203.2,11.3,828.7,709.7,28,35.31
350.0,0.0,0.0,203.0,0.0,974.0,775.0,14,22.53
141.3,212.0,0.0,203.5,0.0,971.8,748.5,3,4.83
212.0,0.0,124.8,159.0,7.8,1085.4,799.5,3,19.52
425.0,106.3,0.0,151.4,18.6,936.0,803.7,28,61.8
152.6,238.7,0.0,200.0,6.3,1001.8,683.9,28,26.86
262.0,111.0,86.0,195.0,5.0,895.0,733.0,28,33.72
249.1,0.0,98.8,158.1,12.8,987.8,889.0,100,51.06
218.9,0.0,124.1,158.5,11.3,1078.7,794.9,100,46.23
305.3,203.5,0.0,203.5,0.0,965.4,631.0,28,43.38
284.0,15.0,141.0,179.0,5.5,842.0,801.0,3,13.4
281.0,0.0,0.0,186.0,0.0,1104.0,774.0,7,14.5
212.6,0.0,100.4,159.4,10.4,1003.8,903.8,3,13.33
165.0,0.0,143.6,163.8,0.0,1005.6,900.9,28,26.2
139.7,163.9,127.7,236.7,5.8,868.6,655.6,28,35.23
159.0,149.0,116.0,175.0,15.0,953.0,720.0,28,27.68
151.0,0.0,184.0,167.0,12.0,991.0,772.0,28,15.57
145.0,116.0,119.0,184.0,5.7,833.0,880.0,28,29.16
280.0,129.0,100.0,172.0,9.0,825.0,805.0,28,52.82
279.8,128.9,100.4,172.4,9.5,825.1,804.9,28,52.83
332.5,142.5,0.0,228.0,0.0,932.0,594.0,365,41.05
250.2,166.8,0.0,203.5,0.0,977.6,694.1,28,36.96
238.1,0.0,0.0,185.7,0.0,1118.8,789.3,28,17.58
362.6,189.0,0.0,164.9,11.6,944.7,755.8,91,79.3
116.0,173.0,0.0,192.0,0.0,909.8,891.9,3,6.28
297.0,0.0,0.0,186.0,0.0,1040.0,734.0,7,30.96
339.0,0.0,0.0,185.0,0.0,1060.0,754.0,28,31.65
425.0,106.3,0.0,153.5,16.5,852.1,887.1,91,65.2
439.0,177.0,0.0,186.0,11.1,884.9,707.9,28,66.0
305.3,203.5,0.0,203.5,0.0,965.4,631.0,3,14.14
212.0,141.3,0.0,203.5,0.0,973.4,750.0,28,33.0
275.1,0.0,121.4,159.5,9.9,1053.6,777.5,28,51.33
322.0,0.0,116.0,196.0,10.0,818.0,813.0,28,31.18
480.0,0.0,0.0,192.0,0.0,936.2,712.2,28,43.94
331.0,0.0,0.0,192.0,0.0,1025.0,821.0,7,17.44
332.5,142.5,0.0,228.0,0.0,932.0,594.0,180,39.78
173.5,50.1,173.5,164.8,6.5,1006.2,793.5,14,33.01
326.0,166.0,0.0,174.0,9.0,882.0,790.0,28,61.23
310.0,0.0,0.0,192.0,0.0,970.0,850.0,28,27.92
164.0,0.0,200.0,181.0,13.0,849.0,846.0,28,15.09
145.7,172.6,0.0,181.9,3.4,985.8,816.8,28,23.74
286.3,200.9,0.0,144.7,11.2,1004.6,803.7,28,67.7
393.0,0.0,0.0,192.0,0.0,940.0,758.0,28,39.58
237.5,237.5,0.0,228.0,0.0,932.0,594.0,90,33.12
190.7,0.0,125.4,162.1,7.8,1090.0,804.0,56,35.34
289.0,133.7,0.0,194.9,5.5,924.1,760.1,28,46.25
349.0,0.0,0.0,192.0,0.0,1056.0,809.0,3,15.87
380.0,0.0,0.0,228.0,0.0,932.0,670.0,270,53.3
393.0,0.0,0.0,192.0,0.0,940.0,758.0,3,19.11
350.0,0.0,0.0,203.0,0.0,974.0,775.0,7,18.13
266.0,112.0,87.0,178.0,10.0,910.0,745.0,28,39.42
331.0,0.0,0.0,192.0,0.0,978.0,825.0,3,13.52
153.0,102.0,0.0,192.0,0.0,888.0,943.1,7,8.37
214.9,53.8,121.9,155.6,9.6,1014.3,780.6,56,53.96
313.3,0.0,113.0,178.5,8.0,1001.9,688.7,28,36.8
166.1,0.0,163.3,176.5,4.5,1058.6,780.1,100,33.54
250.0,0.0,95.7,187.4,5.5,956.9,861.2,3,13.82
318.8,212.5,0.0,155.7,14.3,852.1,880.4,56,66.1
166.1,0.0,163.3,176.5,4.5,1058.6,780.1,56,28.63
116.0,173.0,0.0,192.0,0.0,909.8,891.9,90,31.02
194.7,0.0,100.5,170.2,7.5,998.0,901.8,100,44.28
401.8,94.7,0.0,147.4,11.4,946.8,852.1,28,68.5
164.2,0.0,200.1,181.2,12.6,849.3,846.0,28,15.09
397.0,17.2,158.0,167.0,20.8,967.0,633.0,28,55.65
362.6,189.0,0.0,164.9,11.6,944.7,755.8,56,77.3
379.5,151.2,0.0,153.9,15.9,1134.3,605.0,56,54.9
446.0,24.0,79.0,162.0,11.6,967.0,712.0,3,23.35
342.0,38.0,0.0,228.0,0.0,932.0,670.0,180,52.12
148.0,0.0,137.0,158.0,16.0,1002.0,830.0,28,17.95
288.0,192.0,0.0,192.0,0.0,932.0,717.8,3,16.11
238.0,0.0,0.0,186.0,0.0,1119.0,789.0,7,12.05
475.0,0.0,0.0,228.0,0.0,932.0,594.0,7,38.6
310.0,0.0,0.0,192.0,0.0,1012.0,830.0,7,17.24
288.0,192.0,0.0,192.0,0.0,932.0,717.8,90,50.53
212.5,0.0,100.4,159.3,8.7,1007.8,903.6,28,31.64
289.0,0.0,0.0,192.0,0.0,913.2,895.3,90,32.07
531.3,0.0,0.0,141.8,28.2,852.1,893.7,7,46.9
213.5,0.0,174.2,159.2,11.7,1043.6,771.9,3,15.61
200.0,133.0,0.0,192.0,0.0,965.4,806.2,90,43.25
212.0,141.3,0.0,203.5,0.0,973.4,750.0,3,6.81
446.0,24.0,79.0,162.0,10.3,967.0,712.0,56,54.77
382.0,0.0,0.0,186.0,0.0,1047.0,739.0,7,24.0
135.7,203.5,0.0,185.7,0.0,1076.2,759.3,28,18.2
212.6,0.0,100.4,159.4,10.4,1003.8,903.8,28,37.4
254.0,0.0,0.0,198.0,0.0,968.0,863.0,365,29.79
318.8,212.5,0.0,155.7,14.3,852.1,880.4,3,25.2
313.0,145.0,0.0,178.0,8.0,867.0,824.0,28,44.39
277.2,97.8,24.5,160.7,11.2,1061.7,782.5,56,66.82
325.0,0.0,0.0,184.0,0.0,1063.0,783.0,28,30.57
531.3,0.0,0.0,141.8,28.2,852.1,893.7,91,59.2
304.0,76.0,0.0,228.0,0.0,932.0,670.0,180,50.95
332.5,142.5,0.0,228.0,0.0,932.0,594.0,90,37.72
362.6,189.0,0.0,164.9,11.6,944.7,755.8,7,55.9
252.5,0.0,0.0,185.7,0.0,1111.6,784.3,7,11.48
380.0,0.0,0.0,228.0,0.0,932.0,670.0,180,53.1
387.0,20.0,94.0,157.0,13.9,938.0,845.0,56,47.97
173.8,93.4,159.9,172.3,9.7,1007.2,746.6,3,15.82
265.0,111.0,86.0,195.0,6.0,833.0,790.0,28,41.54
397.0,0.0,0.0,186.0,0.0,1040.0,734.0,28,36.94
166.0,259.7,0.0,183.2,12.7,858.8,826.8,28,37.92
222.4,0.0,96.7,189.3,4.5,967.1,870.3,28,24.89
212.0,0.0,124.8,159.0,7.8,1085.4,799.5,100,47.82
182.0,45.2,122.0,170.2,8.2,1059.4,780.7,28,31.27
144.0,136.0,106.0,178.0,7.0,941.0,774.0,28,26.14
162.0,190.1,148.1,178.8,18.8,838.1,741.4,28,33.76
246.8,0.0,125.1,143.3,12.0,1086.8,800.9,56,60.32
310.0,0.0,0.0,192.0,0.0,970.0,850.0,180,37.33
144.0,170.0,133.0,192.0,8.0,814.0,805.0,28,29.87
450.1,50.0,0.0,200.0,3.0,1124.4,613.2,28,39.38
167.4,129.9,128.6,175.5,7.8,1006.3,746.6,3,14.94
168.0,42.1,163.8,121.8,5.7,1058.7,780.1,3,7.75
304.0,76.0,0.0,228.0,0.0,932.0,670.0,28,47.81
307.0,0.0,0.0,193.0,0.0,968.0,812.0,28,27.53
239.6,359.4,0.0,185.7,0.0,941.6,664.3,7,25.42
164.0,163.0,128.0,197.0,8.0,961.0,641.0,28,27.23
157.0,236.0,0.0,192.0,0.0,935.4,781.2,90,43.38
213.8,98.1,24.5,181.7,6.7,1066.0,785.5,56,47.13
376.0,0.0,0.0,214.6,0.0,1003.5,762.4,14,25.62
252.3,0.0,98.8,146.3,14.2,987.8,889.0,56,55.83
149.0,118.0,92.0,183.0,7.0,953.0,780.0,28,23.52
190.3,0.0,125.2,161.9,9.9,1088.1,802.6,14,22.72
425.0,106.3,0.0,153.5,16.5,852.1,887.1,7,49.2
194.7,0.0,100.5,170.2,7.5,998.0,901.8,56,43.39
277.0,117.0,91.0,191.0,7.0,946.0,666.0,28,43.57
277.0,0.0,0.0,191.0,0.0,968.0,856.0,180,32.33
439.0,177.0,0.0,186.0,11.1,884.9,707.9,7,56.1
540.0,0.0,0.0,162.0,2.5,1040.0,676.0,28,79.99
250.2,166.8,0.0,203.5,0.0,977.6,694.1,7,19.35
275.0,180.0,120.0,162.0,10.4,830.0,765.0,28,76.24
500.1,0.0,0.0,200.0,3.0,1124.4,613.2,28,44.13
266.2,112.3,87.5,177.9,10.4,909.7,744.5,28,39.42
298.1,0.0,107.0,186.4,6.1,879.0,815.2,28,42.64
154.8,183.4,0.0,193.3,9.1,1047.4,696.7,28,18.29
491.0,26.0,123.0,210.0,3.9,882.0,699.0,3,25.61
165.0,128.5,132.1,175.1,8.1,1005.8,746.6,28,46.39
393.0,0.0,0.0,192.0,0.0,940.6,785.6,3,19.2
108.3,162.4,0.0,203.5,0.0,938.2,849.0,90,29.23
236.0,0.0,0.0,194.0,0.0,968.0,885.0,3,6.47
143.0,169.0,143.0,191.0,8.0,967.0,643.0,28,29.72
310.0,0.0,0.0,192.0,0.0,971.0,850.6,3,9.87
251.4,0.0,118.3,192.9,5.8,1043.6,754.3,3,11.98
331.0,0.0,0.0,192.0,0.0,978.0,825.0,90,37.23
277.0,0.0,0.0,191.0,0.0,968.0,856.0,28,25.97
139.6,209.4,0.0,192.0,0.0,1047.0,806.9,28,28.24
427.5,47.5,0.0,228.0,0.0,932.0,594.0,180,41.84
157.0,214.0,152.0,200.0,9.0,819.0,704.0,28,33.05
451.0,0.0,0.0,165.0,11.3,1030.0,745.0,28,78.8
238.1,0.0,94.1,186.7,7.0,949.9,847.0,28,30.23
491.0,26.0,123.0,201.0,3.9,822.0,699.0,3,29.55
212.1,0.0,121.6,180.3,5.7,1057.6,779.3,56,34.2
212.1,0.0,121.6,180.3,5.7,1057.6,779.3,14,20.92
159.1,186.7,0.0,175.6,11.3,989.6,788.9,28,32.77
144.8,0.0,133.6,180.8,11.1,979.5,811.5,28,13.2
168.0,42.1,163.8,121.8,5.7,1058.7,780.1,100,39.23
251.4,0.0,118.3,188.5,6.4,1028.4,757.7,28,32.66
290.4,0.0,96.2,168.1,9.4,961.2,865.0,14,34.67
149.0,117.6,91.7,182.9,7.1,953.4,780.3,28,23.52
388.6,97.1,0.0,157.9,12.1,852.1,925.7,3,28.1
359.0,19.0,141.0,154.0,10.9,942.0,801.0,28,62.94
310.0,143.0,0.0,168.0,10.0,914.0,804.0,28,45.3
387.0,20.0,94.0,157.0,14.3,938.0,845.0,56,56.34
149.0,236.0,0.0,176.0,13.0,847.0,893.0,28,32.96
212.0,141.3,0.0,203.5,0.0,973.4,750.0,90,39.7
337.9,189.0,0.0,174.9,9.5,944.7,755.8,7,35.1
331.0,0.0,0.0,192.0,0.0,1025.0,821.0,120,39.38
213.7,98.1,24.5,181.7,6.9,1065.8,785.4,3,18.0
167.0,75.4,167.0,164.0,7.9,1007.3,770.1,56,53.46
425.0,106.3,0.0,151.4,18.6,936.0,803.7,7,46.8
339.2,0.0,0.0,185.7,0.0,1069.2,754.3,7,21.18
173.5,50.1,173.5,164.8,6.5,1006.2,793.5,100,56.06
212.0,141.3,0.0,203.5,0.0,973.4,750.0,7,15.03
381.4,0.0,0.0,185.7,0.0,1104.6,784.3,28,22.49
155.0,183.0,0.0,193.0,9.0,877.0,868.0,28,23.79
237.5,237.5,0.0,228.0,0.0,932.0,594.0,270,38.41
255.0,0.0,0.0,192.0,0.0,889.8,945.0,7,10.22
218.9,0.0,124.1,158.5,11.3,1078.7,794.9,3,15.34
273.0,105.0,82.0,210.0,9.0,904.0,680.0,28,37.17
250.0,0.0,95.7,187.4,5.5,956.9,861.2,28,29.22
213.7,0.0,174.7,154.8,10.2,1053.5,776.4,28,40.15
167.0,75.4,167.0,164.0,7.9,1007.3,770.1,100,56.81
252.0,97.0,76.0,194.0,8.0,835.0,821.0,28,33.4
379.5,151.2,0.0,153.9,15.9,1134.3,605.0,28,52.2
424.0,22.0,132.0,168.0,8.9,822.0,750.0,28,72.1
385.0,0.0,136.0,158.0,20.0,903.0,768.0,28,55.55
355.0,19.0,97.0,145.0,12.3,967.0,871.0,28,55.45
261.9,110.5,86.1,195.4,5.0,895.2,732.6,28,33.72
251.4,0.0,118.3,192.9,5.8,1043.6,754.3,28,33.27
266.0,114.0,0.0,228.0,0.0,932.0,670.0,270,51.73
194.7,0.0,100.5,170.2,7.5,998.0,901.8,14,24.28
427.5,47.5,0.0,228.0,0.0,932.0,594.0,28,37.43
116.0,173.0,0.0,192.0,0.0,909.8,891.9,28,22.35
405.0,0.0,0.0,175.0,0.0,1120.0,695.0,28,52.3
236.0,0.0,0.0,193.0,0.0,968.0,885.0,180,24.1
229.7,0.0,118.2,195.2,6.1,1028.1,757.6,3,13.36
277.1,0.0,97.4,160.6,11.8,973.9,875.6,100,55.64
249.1,0.0,98.8,158.1,12.8,987.8,889.0,14,28.68
134.7,0.0,165.7,180.2,10.0,961.0,804.9,28,13.29
295.7,0.0,95.6,171.5,8.9,955.1,859.2,56,48.72
166.1,0.0,163.3,176.5,4.5,1058.6,780.1,3,10.76
150.0,236.8,0.0,173.8,11.9,1069.3,674.8,28,37.43
316.1,210.7,0.0,185.7,0.0,977.0,689.3,28,38.7
162.0,190.0,148.0,179.0,19.0,838.0,741.0,28,33.76
153.1,145.0,113.0,178.5,8.0,1001.9,688.7,28,25.56
425.0,106.3,0.0,153.5,16.5,852.1,887.1,56,64.3
382.5,0.0,0.0,185.7,0.0,1047.8,739.3,7,24.07
172.4,13.6,172.4,156.8,4.1,1006.3,856.4,14,29.75
212.6,0.0,100.4,159.4,10.4,1003.8,903.8,100,47.74
427.5,47.5,0.0,228.0,0.0,932.0,594.0,7,35.08
305.0,0.0,100.0,196.0,10.0,959.0,705.0,28,30.12
220.8,147.2,0.0,185.7,0.0,1055.0,744.3,7,13.09
275.0,0.0,0.0,183.0,0.0,1088.0,808.0,7,14.2
522.0,0.0,0.0,146.0,0.0,896.0,896.0,28,74.99
166.0,260.0,0.0,183.0,13.0,859.0,827.0,28,37.91
313.0,0.0,0.0,178.0,8.0,1000.0,822.0,28,25.1
297.8,137.2,106.9,201.3,6.0,878.4,655.3,28,53.52
190.7,0.0,125.4,162.1,7.8,1090.0,804.0,3,15.04
290.2,193.5,0.0,185.7,0.0,998.2,704.3,7,21.86
356.0,0.0,142.0,193.0,11.0,801.0,778.0,28,40.87
252.0,0.0,0.0,185.0,0.0,1111.0,784.0,28,19.69
313.3,262.2,0.0,175.5,8.6,1046.9,611.8,7,42.8
500.0,0.0,0.0,200.0,0.0,1125.0,613.0,180,51.04
122.6,183.9,0.0,203.5,0.0,958.2,800.1,7,10.35
203.5,135.7,0.0,185.7,0.0,1076.2,759.3,28,22.63
154.8,183.4,0.0,193.3,9.1,877.2,867.7,28,23.79
397.0,0.0,0.0,185.7,0.0,1040.6,734.3,28,33.08
239.6,359.4,0.0,185.7,0.0,941.6,664.3,28,39.44
284.0,15.0,141.0,179.0,5.5,842.0,801.0,56,44.52
250.2,166.8,0.0,203.5,0.0,977.6,694.1,3,9.73
168.9,42.2,124.3,158.3,10.8,1080.8,796.2,100,48.15
154.8,0.0,142.8,193.3,9.1,877.2,867.7,28,9.74
194.7,0.0,100.5,165.6,7.5,1006.4,905.9,100,37.34
167.4,129.9,128.6,175.5,7.8,1006.3,746.6,100,53.66
210.7,316.1,0.0,185.7,0.0,977.0,689.3,7,21.82
143.6,0.0,174.9,158.4,17.9,942.7,844.5,28,15.42
322.0,149.0,0.0,186.0,8.0,951.0,709.0,28,52.42
190.7,0.0,125.4,162.1,7.8,1090.0,804.0,14,21.06
374.3,0.0,0.0,190.2,6.7,1013.2,730.4,28,39.06
297.2,0.0,117.5,174.8,9.5,1022.8,753.5,100,56.74
198.6,132.4,0.0,192.0,0.0,978.4,825.5,180,41.72
288.0,121.0,0.0,177.0,7.0,908.0,829.0,28,42.13
261.0,100.0,78.0,201.0,9.0,864.0,761.0,28,32.4
254.0,0.0,0.0,198.0,0.0,968.0,863.0,180,27.63
173.5,50.1,173.5,164.8,6.5,1006.2,793.5,3,23.08
387.0,20.0,94.0,157.0,11.6,938.0,845.0,56,61.46
238.0,0.0,0.0,185.0,0.0,1118.0,789.0,28,17.54
233.8,0.0,94.6,197.9,4.6,947.0,852.2,56,27.66
446.0,24.0,79.0,162.0,11.6,967.0,712.0,7,38.02
290.4,0.0,96.2,168.1,9.4,961.2,865.0,28,34.74
362.6,189.0,0.0,164.9,11.6,944.7,755.8,28,71.3
362.6,189.0,0.0,164.9,11.6,944.7,755.8,28,71.3
331.0,0.0,0.0,192.0,0.0,1025.0,821.0,28,31.74
522.0,0.0,0.0,146.0,0.0,896.0,896.0,7,50.51
400.0,0.0,0.0,187.0,0.0,1025.0,745.0,7,30.14
313.8,0.0,112.6,169.9,10.1,925.3,782.9,28,38.46
290.4,0.0,96.2,168.1,9.4,961.2,865.0,3,22.5
331.0,0.0,0.0,192.0,0.0,1025.0,821.0,3,14.31
331.0,0.0,0.0,192.0,0.0,1025.0,821.0,90,37.91
139.6,209.4,0.0,192.0,0.0,1047.0,806.9,360,44.7
233.8,0.0,94.6,197.9,4.6,947.0,852.2,28,22.84
375.0,0.0,0.0,186.0,0.0,1038.0,758.0,28,38.21
277.0,0.0,0.0,191.0,0.0,968.0,856.0,14,21.26
312.9,160.5,0.0,177.6,9.6,916.6,759.5,28,52.45
147.0,115.0,89.0,202.0,9.0,860.0,829.0,28,19.99
469.0,117.2,0.0,137.8,32.2,852.1,840.5,91,70.7
173.8,93.4,159.9,172.3,9.7,1007.2,746.6,28,37.81
446.0,24.0,79.0,162.0,11.6,967.0,712.0,28,44.42
173.0,116.0,0.0,192.0,0.0,946.8,856.8,90,32.1
288.4,121.0,0.0,177.4,7.0,907.9,829.5,28,42.14
525.0,0.0,0.0,189.0,0.0,1125.0,613.0,180,61.92
374.0,189.2,0.0,170.1,10.1,926.1,756.7,7,46.2
155.6,243.5,0.0,180.3,10.7,1022.0,697.7,28,37.36
222.4,0.0,96.7,189.3,4.5,967.1,870.3,14,24.45
193.5,290.2,0.0,185.7,0.0,998.2,704.3,7,17.2
381.4,0.0,0.0,185.7,0.0,1104.6,784.3,7,14.54
266.0,114.0,0.0,228.0,0.0,932.0,670.0,90,47.03
213.7,98.1,24.5,181.7,6.9,1065.8,785.4,100,53.9
382.5,0.0,0.0,185.7,0.0,1047.8,739.3,28,37.44
151.0,0.0,185.0,167.0,16.0,1074.0,678.0,28,13.46
203.5,305.3,0.0,203.5,0.0,963.4,630.0,90,51.86
182.0,45.2,122.0,170.2,8.2,1059.4,780.7,3,7.32
202.0,11.0,141.0,206.0,1.7,942.0,801.0,28,21.97
349.0,0.0,0.0,192.0,0.0,1047.0,806.0,180,41.05
359.0,19.0,141.0,154.0,10.9,942.0,801.0,28,59.49
314.0,145.3,113.2,178.9,8.0,869.1,690.2,28,46.23
153.0,145.0,113.0,178.0,8.0,1002.0,689.0,28,25.56
313.3,262.2,0.0,175.5,8.6,1046.9,611.8,91,66.6
251.4,0.0,118.3,188.5,6.4,1028.4,757.7,100,44.21
275.1,0.0,121.4,159.5,9.9,1053.6,777.5,14,38.77
277.1,0.0,97.4,160.6,11.8,973.9,875.6,3,23.14
540.0,0.0,0.0,173.0,0.0,1125.0,613.0,180,71.62
102.0,153.0,0.0,192.0,0.0,887.0,942.0,90,25.46
214.9,53.8,121.9,155.6,9.6,1014.3,780.6,100,56.63
250.0,0.0,95.7,187.4,5.5,956.9,861.2,56,38.33
133.0,200.0,0.0,192.0,0.0,927.4,839.2,7,13.66
385.0,0.0,0.0,186.0,0.0,966.0,763.0,14,27.92
190.3,0.0,125.2,161.9,9.9,1088.1,802.6,28,28.47
173.0,116.0,0.0,192.0,0.0,946.8,856.8,7,11.39
251.8,0.0,99.9,146.1,12.4,1006.0,899.8,14,33.36
108.3,162.4,0.0,203.5,0.0,938.2,849.0,3,2.33
165.0,0.0,143.6,163.8,0.0,1005.6,900.9,56,36.56
350.0,0.0,0.0,203.0,0.0,974.0,775.0,90,31.35
287.0,121.0,94.0,188.0,9.0,904.0,696.0,28,41.94
238.2,158.8,0.0,185.7,0.0,1040.6,734.3,7,15.69
277.2,97.8,24.5,160.7,11.2,1061.7,782.5,100,66.95
108.3,162.4,0.0,203.5,0.0,938.2,849.0,28,20.59
299.8,0.0,119.8,211.5,9.9,878.2,727.6,28,23.84
133.0,200.0,0.0,192.0,0.0,927.4,839.2,3,6.88
231.8,0.0,121.6,174.0,6.7,1056.4,778.5,100,45.84
387.0,20.0,94.0,157.0,13.9,938.0,845.0,3,25.51
